{"Rank":1,"Title":"The Shawshank Redemption","Year":1994,"Rating":9.3,"Runtime":142}
{"Rank":2,"Title":"The Godfather","Year":1972,"Rating":9.2,"Runtime":175}
{"Rank":3,"Title":"The Dark Knight","Year":2008,"Rating":9.0,"Runtime":152}
{"Rank":4,"Title":"The Godfather Part II","Year":1974,"Rating":9.0,"Runtime":202}
{"Rank":5,"Title":"12 Angry Men","Year":1957,"Rating":9.0,"Runtime":96}
{"Rank":6,"Title":"Schindler's List","Year":1993,"Rating":9.0,"Runtime":195}
{"Rank":7,"Title":"The Lord of the Rings: The Return of the King","Year":2003,"Rating":8.9,"Runtime":201}
{"Rank":8,"Title":"Pulp Fiction","Year":1994,"Rating":8.9,"Runtime":154}
{"Rank":9,"Title":"The Lord of the Rings: The Fellowship of the Ring","Year":2001,"Rating":8.8,"Runtime":178}
{"Rank":10,"Title":"The Good  the Bad and the Ugly","Year":1966,"Rating":8.8,"Runtime":178}
{"Rank":11,"Title":"Forrest Gump","Year":1994,"Rating":8.8,"Runtime":142}
{"Rank":12,"Title":"Fight Club","Year":1999,"Rating":8.8,"Runtime":139}
{"Rank":13,"Title":"Inception","Year":2010,"Rating":8.8,"Runtime":148}
{"Rank":14,"Title":"The Lord of the Rings: The Two Towers","Year":2002,"Rating":8.8,"Runtime":179}
{"Rank":15,"Title":"Star Wars: Episode V - The Empire Strikes Back","Year":1980,"Rating":8.7,"Runtime":124}
{"Rank":16,"Title":"The Matrix","Year":1999,"Rating":8.7,"Runtime":136}
{"Rank":17,"Title":"Goodfellas","Year":1990,"Rating":8.7,"Runtime":146}
{"Rank":18,"Title":"One Flew Over the Cuckoo's Nest","Year":1975,"Rating":8.7,"Runtime":133}
{"Rank":19,"Title":"Seven Samurai","Year":1954,"Rating":8.7,"Runtime":207}
{"Rank":20,"Title":"Se7en","Year":1995,"Rating":8.6,"Runtime":127}
{"Rank":21,"Title":"City of God","Year":2002,"Rating":8.6,"Runtime":130}
{"Rank":22,"Title":"Life Is Beautiful","Year":1997,"Rating":8.6,"Runtime":116}
{"Rank":23,"Title":"The Silence of the Lambs","Year":1991,"Rating":8.6,"Runtime":118}
{"Rank":24,"Title":"It's a Wonderful Life","Year":1946,"Rating":8.6,"Runtime":130}
{"Rank":25,"Title":"Star Wars: Episode IV - A New Hope","Year":1977,"Rating":8.6,"Runtime":121}
{"Rank":26,"Title":"Saving Private Ryan","Year":1998,"Rating":8.6,"Runtime":169}
{"Rank":27,"Title":"Spirited Away","Year":2001,"Rating":8.6,"Runtime":125}
{"Rank":28,"Title":"The Green Mile","Year":1999,"Rating":8.6,"Runtime":189}
{"Rank":29,"Title":"Parasite","Year":2019,"Rating":8.6,"Runtime":132}
{"Rank":30,"Title":"Interstellar","Year":2014,"Rating":8.6,"Runtime":169}
{"Rank":31,"Title":"L\u00e9on: The Professional","Year":1994,"Rating":8.5,"Runtime":110}
{"Rank":32,"Title":"The Lion King","Year":1994,"Rating":8.5,"Runtime":88}
{"Rank":33,"Title":"Gladiator","Year":2000,"Rating":8.5,"Runtime":155}
{"Rank":34,"Title":"American History X","Year":1998,"Rating":8.5,"Runtime":119}
{"Rank":35,"Title":"The Departed","Year":2006,"Rating":8.5,"Runtime":151}
{"Rank":36,"Title":"The Prestige","Year":2006,"Rating":8.5,"Runtime":130}
{"Rank":37,"Title":"Whiplash","Year":2014,"Rating":8.5,"Runtime":106}
{"Rank":38,"Title":"The Usual Suspects","Year":1995,"Rating":8.5,"Runtime":106}
{"Rank":39,"Title":"Grave of the Fireflies","Year":1988,"Rating":8.5,"Runtime":89}
{"Rank":40,"Title":"Casablanca","Year":1942,"Rating":8.5,"Runtime":102}
{"Rank":41,"Title":"Harakiri","Year":1962,"Rating":8.5,"Runtime":133}
{"Rank":42,"Title":"The Intouchables","Year":2011,"Rating":8.5,"Runtime":112}
{"Rank":43,"Title":"Modern Times","Year":1936,"Rating":8.5,"Runtime":87}
{"Rank":44,"Title":"Cinema Paradiso","Year":1988,"Rating":8.5,"Runtime":155}
{"Rank":45,"Title":"Once Upon a Time in the West","Year":1968,"Rating":8.5,"Runtime":165}
{"Rank":46,"Title":"Rear Window","Year":1954,"Rating":8.5,"Runtime":112}
{"Rank":47,"Title":"Alien","Year":1979,"Rating":8.5,"Runtime":117}
{"Rank":48,"Title":"City Lights","Year":1931,"Rating":8.5,"Runtime":87}
{"Rank":49,"Title":"Apocalypse Now","Year":1979,"Rating":8.5,"Runtime":147}
{"Rank":50,"Title":"Memento","Year":2000,"Rating":8.4,"Runtime":113}
{"Rank":51,"Title":"Django Unchained","Year":2012,"Rating":8.4,"Runtime":165}
{"Rank":52,"Title":"Raiders of the Lost Ark","Year":1981,"Rating":8.4,"Runtime":115}
{"Rank":53,"Title":"WALL\u00b7E","Year":2008,"Rating":8.4,"Runtime":98}
{"Rank":54,"Title":"The Lives of Others","Year":2006,"Rating":8.4,"Runtime":137}
{"Rank":55,"Title":"Sunset Blvd.","Year":1950,"Rating":8.4,"Runtime":110}
{"Rank":56,"Title":"Paths of Glory","Year":1957,"Rating":8.4,"Runtime":88}
{"Rank":57,"Title":"The Great Dictator","Year":1940,"Rating":8.4,"Runtime":125}
{"Rank":58,"Title":"The Shining","Year":1980,"Rating":8.4,"Runtime":146}
{"Rank":59,"Title":"Witness for the Prosecution","Year":1957,"Rating":8.4,"Runtime":116}
{"Rank":60,"Title":"Avengers: Infinity War","Year":2018,"Rating":8.4,"Runtime":149}
{"Rank":61,"Title":"The Dark Knight Rises","Year":2012,"Rating":8.4,"Runtime":164}
{"Rank":62,"Title":"Spider-Man: Into the Spider-Verse","Year":2018,"Rating":8.4,"Runtime":117}
{"Rank":63,"Title":"Joker","Year":2019,"Rating":8.4,"Runtime":122}
{"Rank":64,"Title":"Princess Mononoke","Year":1997,"Rating":8.4,"Runtime":134}
{"Rank":65,"Title":"Oldboy","Year":2003,"Rating":8.4,"Runtime":120}
{"Rank":66,"Title":"Your Name.","Year":2016,"Rating":8.4,"Runtime":106}
{"Rank":67,"Title":"Aliens","Year":1986,"Rating":8.4,"Runtime":137}
{"Rank":68,"Title":"Coco","Year":2017,"Rating":8.4,"Runtime":105}
{"Rank":69,"Title":"American Beauty","Year":1999,"Rating":8.4,"Runtime":122}
{"Rank":70,"Title":"Braveheart","Year":1995,"Rating":8.4,"Runtime":178}
{"Rank":71,"Title":"Das Boot","Year":1981,"Rating":8.4,"Runtime":149}
{"Rank":72,"Title":"3 Idiots","Year":2009,"Rating":8.4,"Runtime":170}
{"Rank":73,"Title":"High and Low","Year":1963,"Rating":8.4,"Runtime":143}
{"Rank":74,"Title":"Like Stars on Earth","Year":2007,"Rating":8.4,"Runtime":162}
{"Rank":75,"Title":"Toy Story","Year":1995,"Rating":8.3,"Runtime":81}
{"Rank":76,"Title":"Amadeus","Year":1984,"Rating":8.3,"Runtime":160}
{"Rank":77,"Title":"Inglourious Basterds","Year":2009,"Rating":8.3,"Runtime":153}
{"Rank":78,"Title":"Good Will Hunting","Year":1997,"Rating":8.3,"Runtime":126}
{"Rank":79,"Title":"Star Wars: Episode VI - Return of the Jedi","Year":1983,"Rating":8.3,"Runtime":131}
{"Rank":80,"Title":"Reservoir Dogs","Year":1992,"Rating":8.3,"Runtime":99}
{"Rank":81,"Title":"2001: A Space Odyssey","Year":1968,"Rating":8.3,"Runtime":149}
{"Rank":82,"Title":"Requiem for a Dream","Year":2000,"Rating":8.3,"Runtime":102}
{"Rank":83,"Title":"Vertigo","Year":1958,"Rating":8.3,"Runtime":128}
{"Rank":84,"Title":"Eternal Sunshine of the Spotless Mind","Year":2004,"Rating":8.3,"Runtime":108}
{"Rank":85,"Title":"The Hunt","Year":2012,"Rating":8.3,"Runtime":115}
{"Rank":86,"Title":"Citizen Kane","Year":1941,"Rating":8.3,"Runtime":119}
{"Rank":87,"Title":"Lawrence of Arabia","Year":1962,"Rating":8.3,"Runtime":228}
{"Rank":88,"Title":"M","Year":1931,"Rating":8.3,"Runtime":99}
{"Rank":89,"Title":"Full Metal Jacket","Year":1987,"Rating":8.3,"Runtime":116}
{"Rank":90,"Title":"North by Northwest","Year":1959,"Rating":8.3,"Runtime":136}
{"Rank":91,"Title":"A Clockwork Orange","Year":1971,"Rating":8.3,"Runtime":136}
{"Rank":92,"Title":"Singin' in the Rain","Year":1952,"Rating":8.3,"Runtime":103}
{"Rank":93,"Title":"Snatch","Year":2000,"Rating":8.3,"Runtime":103}
{"Rank":94,"Title":"Bicycle Thieves","Year":1948,"Rating":8.3,"Runtime":89}
{"Rank":95,"Title":"Scarface","Year":1983,"Rating":8.3,"Runtime":170}
{"Rank":96,"Title":"Taxi Driver","Year":1976,"Rating":8.3,"Runtime":114}
{"Rank":97,"Title":"1917","Year":2019,"Rating":8.3,"Runtime":119}
{"Rank":98,"Title":"Amelie","Year":2001,"Rating":8.3,"Runtime":122}
{"Rank":99,"Title":"Come and See","Year":1985,"Rating":8.3,"Runtime":142}
{"Rank":100,"Title":"The Kid","Year":1921,"Rating":8.3,"Runtime":68}
{"Rank":101,"Title":"Full Metal Jacket","Year":1987,"Rating":8.3,"Runtime":116}
{"Rank":102,"Title":"The Apartment","Year":1960,"Rating":8.3,"Runtime":125}
{"Rank":103,"Title":"Toy Story 3","Year":2010,"Rating":8.3,"Runtime":103}
{"Rank":104,"Title":"The Sting","Year":1973,"Rating":8.3,"Runtime":129}
{"Rank":105,"Title":"Metropolis","Year":1927,"Rating":8.3,"Runtime":153}
{"Rank":106,"Title":"Incendies","Year":2010,"Rating":8.3,"Runtime":131}
{"Rank":107,"Title":"For a Few Dollars More","Year":1965,"Rating":8.3,"Runtime":132}
{"Rank":108,"Title":"Indiana Jones and the Last Crusade","Year":1989,"Rating":8.2,"Runtime":127}
{"Rank":109,"Title":"L.A. Confidential","Year":1997,"Rating":8.2,"Runtime":138}
{"Rank":110,"Title":"Rashomon","Year":1950,"Rating":8.2,"Runtime":88}
{"Rank":111,"Title":"A Separation","Year":2011,"Rating":8.2,"Runtime":123}
{"Rank":112,"Title":"Batman Begins","Year":2005,"Rating":8.2,"Runtime":140}
{"Rank":113,"Title":"Double Indemnity","Year":1944,"Rating":8.2,"Runtime":107}
{"Rank":114,"Title":"To Kill a Mockingbird","Year":1962,"Rating":8.2,"Runtime":129}
{"Rank":115,"Title":"The Great Escape","Year":1963,"Rating":8.2,"Runtime":172}
{"Rank":116,"Title":"Up","Year":2009,"Rating":8.2,"Runtime":96}
{"Rank":117,"Title":"Heat","Year":1995,"Rating":8.2,"Runtime":170}
{"Rank":118,"Title":"Hamilton","Year":2020,"Rating":8.2,"Runtime":160}
{"Rank":119,"Title":"Downfall","Year":2004,"Rating":8.2,"Runtime":156}
{"Rank":120,"Title":"Ikiru","Year":1952,"Rating":8.2,"Runtime":143}
{"Rank":121,"Title":"Ran","Year":1985,"Rating":8.2,"Runtime":162}
{"Rank":122,"Title":"The Wolf of Wall Street","Year":2013,"Rating":8.2,"Runtime":180}
{"Rank":123,"Title":"Die Hard","Year":1988,"Rating":8.2,"Runtime":132}
{"Rank":124,"Title":"Casino","Year":1995,"Rating":8.2,"Runtime":178}
{"Rank":125,"Title":"Pan's Labyrinth","Year":2006,"Rating":8.2,"Runtime":118}
{"Rank":126,"Title":"Monty Python and the Holy Grail","Year":1975,"Rating":8.2,"Runtime":91}
{"Rank":127,"Title":"There Will Be Blood","Year":2007,"Rating":8.2,"Runtime":158}
{"Rank":128,"Title":"Raging Bull","Year":1980,"Rating":8.2,"Runtime":129}
{"Rank":129,"Title":"A Beautiful Mind","Year":2001,"Rating":8.2,"Runtime":135}
{"Rank":130,"Title":"The Secret in Their Eyes","Year":2009,"Rating":8.2,"Runtime":129}
{"Rank":131,"Title":"Judgment at Nuremberg","Year":1961,"Rating":8.2,"Runtime":179}
{"Rank":132,"Title":"Some Like It Hot","Year":1959,"Rating":8.2,"Runtime":121}
{"Rank":133,"Title":"Unforgiven","Year":1992,"Rating":8.2,"Runtime":130}
{"Rank":134,"Title":"The Truman Show","Year":1998,"Rating":8.2,"Runtime":103}
{"Rank":135,"Title":"No Country for Old Men","Year":2007,"Rating":8.1,"Runtime":122}
{"Rank":136,"Title":"Lock  Stock and Two Smoking Barrels","Year":1998,"Rating":8.1,"Runtime":107}
{"Rank":137,"Title":"The Sixth Sense","Year":1999,"Rating":8.1,"Runtime":107}
{"Rank":138,"Title":"The Treasure of the Sierra Madre","Year":1948,"Rating":8.1,"Runtime":126}
{"Rank":139,"Title":"Jurassic Park","Year":1993,"Rating":8.1,"Runtime":127}
{"Rank":140,"Title":"Shutter Island","Year":2010,"Rating":8.1,"Runtime":138}
{"Rank":141,"Title":"The Terminator","Year":1984,"Rating":8.1,"Runtime":107}
{"Rank":142,"Title":"The Thing","Year":1982,"Rating":8.1,"Runtime":109}
{"Rank":143,"Title":"Finding Nemo","Year":2003,"Rating":8.1,"Runtime":100}
{"Rank":144,"Title":"Chinatown","Year":1974,"Rating":8.1,"Runtime":130}
{"Rank":145,"Title":"V for Vendetta","Year":2005,"Rating":8.1,"Runtime":132}
{"Rank":146,"Title":"Inside Out","Year":2015,"Rating":8.1,"Runtime":95}
{"Rank":147,"Title":"Kill Bill: Vol. 1","Year":2003,"Rating":8.1,"Runtime":111}
{"Rank":148,"Title":"Dial M for Murder","Year":1954,"Rating":8.1,"Runtime":105}
{"Rank":149,"Title":"The Bridge on the River Kwai","Year":1957,"Rating":8.1,"Runtime":161}
{"Rank":150,"Title":"Gone with the Wind","Year":1939,"Rating":8.1,"Runtime":238}
{"Rank":151,"Title":"Trainspotting","Year":1996,"Rating":8.1,"Runtime":93}
{"Rank":152,"Title":"Prisoners","Year":2013,"Rating":8.1,"Runtime":153}
{"Rank":153,"Title":"Fargo","Year":1996,"Rating":8.1,"Runtime":98}
{"Rank":154,"Title":"Gran Torino","Year":2008,"Rating":8.1,"Runtime":116}
{"Rank":155,"Title":"My Neighbor Totoro","Year":1988,"Rating":8.1,"Runtime":86}
{"Rank":156,"Title":"Three Billboards Outside Ebbing Missouri","Year":2017,"Rating":8.1,"Runtime":115}
{"Rank":157,"Title":"The Deer Hunter","Year":1978,"Rating":8.1,"Runtime":183}
{"Rank":158,"Title":"Klaus","Year":2019,"Rating":8.1,"Runtime":96}
{"Rank":159,"Title":"On the Waterfront","Year":1954,"Rating":8.1,"Runtime":108}
{"Rank":160,"Title":"Warrior","Year":2011,"Rating":8.1,"Runtime":140}
{"Rank":161,"Title":"Wild Strawberries","Year":1957,"Rating":8.1,"Runtime":91}
{"Rank":162,"Title":"The Elephant Man","Year":1980,"Rating":8.1,"Runtime":124}
{"Rank":163,"Title":"The Seventh Seal","Year":1957,"Rating":8.1,"Runtime":96}
{"Rank":164,"Title":"Room","Year":2015,"Rating":8.1,"Runtime":118}
{"Rank":165,"Title":"The Big Lebowski","Year":1998,"Rating":8.1,"Runtime":117}
{"Rank":166,"Title":"The Third Man","Year":1949,"Rating":8.1,"Runtime":104}
{"Rank":167,"Title":"Blade Runner","Year":1982,"Rating":8.1,"Runtime":117}
{"Rank":168,"Title":"The General","Year":1926,"Rating":8.1,"Runtime":78}
{"Rank":169,"Title":"How to Train Your Dragon","Year":2010,"Rating":8.1,"Runtime":98}
{"Rank":170,"Title":"Before Sunrise","Year":1995,"Rating":8.1,"Runtime":101}
{"Rank":171,"Title":"Ben-Hur","Year":1959,"Rating":8.1,"Runtime":212}
{"Rank":172,"Title":"Mad Max: Fury Road","Year":2015,"Rating":8.1,"Runtime":120}
{"Rank":173,"Title":"12 Years a Slave","Year":2013,"Rating":8.1,"Runtime":134}
{"Rank":174,"Title":"Harry Potter and the Deathly Hallows: Part 2","Year":2011,"Rating":8.1,"Runtime":130}
{"Rank":175,"Title":"Gone Girl","Year":2014,"Rating":8.1,"Runtime":149}
{"Rank":176,"Title":"The Grand Budapest Hotel","Year":2014,"Rating":8.1,"Runtime":99}
{"Rank":177,"Title":"Catch Me If You Can","Year":2002,"Rating":8.1,"Runtime":141}
{"Rank":178,"Title":"Barry Lyndon","Year":1975,"Rating":8.1,"Runtime":185}
{"Rank":179,"Title":"In the Name of the Father","Year":1993,"Rating":8.1,"Runtime":133}
{"Rank":180,"Title":"The Gold Rush","Year":1925,"Rating":8.1,"Runtime":95}
{"Rank":181,"Title":"Hacksaw Ridge","Year":2016,"Rating":8.1,"Runtime":139}
{"Rank":182,"Title":"Wild Tales","Year":2014,"Rating":8.1,"Runtime":122}
{"Rank":183,"Title":"Sherlock Jr.","Year":1924,"Rating":8.1,"Runtime":45}
{"Rank":184,"Title":"The Wages of Fear","Year":1953,"Rating":8.1,"Runtime":131}
{"Rank":185,"Title":"Mr. Smith Goes to Washington","Year":1939,"Rating":8.1,"Runtime":129}
{"Rank":186,"Title":"Memories of Murder","Year":2003,"Rating":8.1,"Runtime":131}
{"Rank":187,"Title":"Network","Year":1976,"Rating":8.1,"Runtime":121}
{"Rank":188,"Title":"Ratatouille","Year":2007,"Rating":8.0,"Runtime":111}
{"Rank":189,"Title":"Stand by Me","Year":1986,"Rating":8.0,"Runtime":89}
{"Rank":190,"Title":"Into the Wild","Year":2007,"Rating":8.0,"Runtime":148}
{"Rank":191,"Title":"Ford v Ferrari","Year":2019,"Rating":8.0,"Runtime":152}
{"Rank":192,"Title":"The Passion of Joan of Arc","Year":1928,"Rating":8.0,"Runtime":97}
{"Rank":193,"Title":"Hotel Rwanda","Year":2004,"Rating":8.0,"Runtime":121}
{"Rank":194,"Title":"Stalker","Year":1979,"Rating":8.0,"Runtime":162}
{"Rank":195,"Title":"A Streetcar Named Desire","Year":1951,"Rating":8.0,"Runtime":122}
{"Rank":196,"Title":"Platoon","Year":1986,"Rating":8.0,"Runtime":120}
{"Rank":197,"Title":"Spotlight","Year":2015,"Rating":8.0,"Runtime":129}
{"Rank":198,"Title":"Logan","Year":2017,"Rating":8.0,"Runtime":137}
{"Rank":199,"Title":"Rush","Year":2013,"Rating":8.0,"Runtime":123}
{"Rank":200,"Title":"The Terminator 2: Judgment Day","Year":1991,"Rating":8.0,"Runtime":137}
{"Rank":201,"Title":"Life of Brian","Year":1979,"Rating":8.0,"Runtime":94}
{"Rank":202,"Title":"The Exorcist","Year":1973,"Rating":8.0,"Runtime":122}
{"Rank":203,"Title":"Groundhog Day","Year":1993,"Rating":8.0,"Runtime":101}
{"Rank":204,"Title":"Tokyo Story","Year":1953,"Rating":8.0,"Runtime":136}
{"Rank":205,"Title":"Rocky","Year":1976,"Rating":8.0,"Runtime":120}
{"Rank":206,"Title":"Amores Perros","Year":2000,"Rating":8.0,"Runtime":154}
{"Rank":207,"Title":"Nausica\u00e4 of the Valley of the Wind","Year":1984,"Rating":8.0,"Runtime":117}
{"Rank":208,"Title":"The Incredibles","Year":2004,"Rating":8.0,"Runtime":115}
{"Rank":209,"Title":"Before Sunset","Year":2004,"Rating":8.0,"Runtime":80}
{"Rank":210,"Title":"The Grapes of Wrath","Year":1940,"Rating":8.0,"Runtime":129}
{"Rank":211,"Title":"Andrei Rublev","Year":1966,"Rating":8.0,"Runtime":205}
{"Rank":212,"Title":"Rebecca","Year":1940,"Rating":8.0,"Runtime":130}
{"Rank":213,"Title":"Cool Hand Luke","Year":1967,"Rating":8.0,"Runtime":127}
{"Rank":214,"Title":"To Be or Not to Be","Year":1942,"Rating":8.0,"Runtime":99}
{"Rank":215,"Title":"The Battle of Algiers","Year":1966,"Rating":8.0,"Runtime":121}
{"Rank":216,"Title":"Hachi: A Dog's Tale","Year":2009,"Rating":8.0,"Runtime":93}
{"Rank":217,"Title":"Pirates of the Caribbean: The Curse of the Black Pearl","Year":2003,"Rating":8.0,"Runtime":143}
{"Rank":218,"Title":"Pather Panchali","Year":1955,"Rating":8.0,"Runtime":125}
{"Rank":219,"Title":"The Handmaiden","Year":2016,"Rating":8.0,"Runtime":145}
{"Rank":220,"Title":"My Father and My Son","Year":2005,"Rating":8.0,"Runtime":112}
{"Rank":221,"Title":"The 400 Blows","Year":1959,"Rating":8.0,"Runtime":99}
{"Rank":222,"Title":"It Happened One Night","Year":1934,"Rating":8.0,"Runtime":105}
{"Rank":223,"Title":"La Haine","Year":1995,"Rating":8.0,"Runtime":98}
{"Rank":224,"Title":"The Princess Bride","Year":1987,"Rating":8.0,"Runtime":98}
{"Rank":225,"Title":"The Sound of Music","Year":1965,"Rating":8.0,"Runtime":172}
{"Rank":226,"Title":"Persona","Year":1966,"Rating":8.0,"Runtime":85}
{"Rank":227,"Title":"The Help","Year":2011,"Rating":8.0,"Runtime":146}
{"Rank":228,"Title":"Beauty and the Beast","Year":1991,"Rating":8.0,"Runtime":84}
{"Rank":229,"Title":"Dead Poets Society","Year":1989,"Rating":8.0,"Runtime":128}
{"Rank":230,"Title":"Central Station","Year":1998,"Rating":8.0,"Runtime":113}
{"Rank":231,"Title":"Aladdin","Year":1992,"Rating":8.0,"Runtime":90}
{"Rank":232,"Title":"Howl's Moving Castle","Year":2004,"Rating":8.0,"Runtime":119}
{"Rank":233,"Title":"The Iron Giant","Year":1999,"Rating":8.0,"Runtime":86}
{"Rank":234,"Title":"Fanny and Alexander","Year":1982,"Rating":8.0,"Runtime":312}
{"Rank":235,"Title":"White Heat","Year":1949,"Rating":8.0,"Runtime":114}
{"Rank":236,"Title":"Drishyam","Year":2013,"Rating":8.0,"Runtime":160}
{"Rank":237,"Title":"The Bandit","Year":1996,"Rating":8.0,"Runtime":128}
{"Rank":238,"Title":"In the Mood for Love","Year":2000,"Rating":8.0,"Runtime":98}
{"Rank":239,"Title":"Paris Texas","Year":1984,"Rating":8.0,"Runtime":145}
{"Rank":240,"Title":"Castle in the Sky","Year":1986,"Rating":8.0,"Runtime":125}
{"Rank":241,"Title":"The Red Shoes","Year":1948,"Rating":8.0,"Runtime":135}
{"Rank":242,"Title":"Underground","Year":1995,"Rating":8.0,"Runtime":170}
{"Rank":243,"Title":"The Hustler","Year":1961,"Rating":8.0,"Runtime":134}
{"Rank":244,"Title":"A Woman Under the Influence","Year":1974,"Rating":8.0,"Runtime":155}
{"Rank":245,"Title":"Mary and Max","Year":2009,"Rating":8.0,"Runtime":92}
{"Rank":246,"Title":"Dersu Uzala","Year":1975,"Rating":8.0,"Runtime":142}
{"Rank":247,"Title":"Monsters  Inc.","Year":2001,"Rating":8.0,"Runtime":92}
{"Rank":248,"Title":"Miracle in Cell No. 7","Year":2019,"Rating":8.0,"Runtime":132}
{"Rank":249,"Title":"Children of Heaven","Year":1997,"Rating":8.0,"Runtime":89}
{"Rank":250,"Title":"All About Eve","Year":1950,"Rating":8.0,"Runtime":138}
